Qbin,mean,std,median,mad
-39,-60.55977833966062,68.89571254561568,-92.10513935289447,33.93758269275916
-38,11.026974427354492,45.39210351305319,15.508437538211652,25.787336219700965
-37,2.0347658219006317,20.99270630086602,3.133534938013046,10.805197461620214
-36,0.3091190860464097,20.152878172950967,-0.13962039889306643,13.12249029147563
-35,-0.15884168291778558,20.079969989534863,-0.16467521493517,14.09963133869136
-34,-0.6540550232562012,23.772825370613354,0.7295933428864001,16.678142882582037
-33,1.122117690844285,24.987334849052232,-0.3342666935806444,18.139811991551557
-32,0.013099994803108242,23.599644564999807,0.8410839959142915,16.77431395477082
-31,-0.46907356040824927,26.9402037935361,-0.6414327582748094,18.575277369737755
-30,0.05059014316478925,28.46709873026728,-0.48243211226403915,19.668351765178503
-29,0.06496701242410609,26.874279756821498,-1.6504544205817133,19.113465996748566
-28,-0.3624422736803199,25.62222308961757,0.4840440414117806,17.552466007182908
-27,0.26266921157965156,28.739281712980294,0.8826494050270148,20.603174794771036
-26,-0.5242247623052372,29.51843154619979,-0.48347793670663897,18.625963497129096
-25,0.5830503303917862,28.570731791396636,1.2606379285504214,19.45910172499721
-24,-0.49018305705515686,28.402753315699883,-1.3708718530959758,18.32366742845916
-23,0.08734075341145975,29.068276765080178,-2.105183720504302,20.69407131305438
-22,0.26448134050786665,29.246824177211362,-1.3364887158238408,20.494009250832345
-21,0.1725056118808569,27.74030313490074,-0.4240070361805339,20.764295655218767
-20,0.23587326939570544,27.311189014776726,0.5102380784422497,18.334348023633027
-19,-0.18794208338627516,28.29015329430389,-1.0905832951095376,19.789379201336196
-18,-0.052339403802989765,28.29874206469985,-0.8761524573583825,19.860135817964704
-17,0.04060553100692639,25.093002634293946,0.14873034722957984,16.514310456372392
-16,0.019041454248807634,25.829041628067547,0.2688410838889226,18.09291363137706
-15,-0.08530201905591969,27.626200444217236,-0.2781856786878094,19.28343273075959
-14,0.38748729966654616,31.42007599109153,-0.15385639180912025,21.81001062901984
-13,-0.12302979676452744,30.909232560730384,0.972109963073982,20.77397654598405
-12,-0.7232456152735866,30.748284012815294,-0.733362897156745,21.065150442622674
-11,0.13368953214926707,32.7149022735514,0.14117237714466774,21.451845715709446
-10,0.5790797278132996,36.267614319554724,2.4451692129615186,23.609441256865793
-9,-0.42335692179496387,37.12989524937175,-1.4921285039513017,25.681536377868216
-8,0.18005392427212752,36.91199721994532,0.40467829833581703,24.53271065202832
-7,0.026205821935923534,35.83829540302714,1.239431452102737,23.195066800854164
-6,-0.493969985853968,35.140715794450436,1.0628010032047364,24.01519535828644
-5,0.5819673112943202,33.07136127940955,0.7992374302180727,22.328624615909106
-4,-0.22110161308604492,34.16597852589052,-1.4371323845043205,24.000419649198005
-3,0.46399107643980364,35.426190055176924,1.2704186857534658,23.70445972861309
-2,-0.7389366632443408,34.44195449897549,-0.7804184287774225,23.51484873349223
-1,-0.0364471494754219,35.055538091075064,0.34982760107758404,23.117438693454357
0,0.33405637061035043,32.07083411761331,0.4457219453703356,21.67449354118731
1,-0.04262287284539778,31.70509683917251,-0.1380074879793337,20.396539057313294
2,-0.16073907759057546,32.15711362270831,-0.10091752932441589,21.249023344405114
3,-0.26012327984631994,31.121164069961697,1.4627842688462855,21.31154522652241
4,0.4873823362449656,30.256613282083183,0.155969185892602,19.893540916873697
5,-0.3393272701153054,32.1143672088186,-0.7833521253875553,21.672128392767327
6,0.17042977381949512,32.79968613085148,-0.3706640936699013,22.102499618701653
7,-0.19505034578502703,33.001573255416936,0.25842233866217157,21.947697981161273
8,0.09386172907135919,32.87121747168257,-0.14530850883914082,21.358945267720518
9,0.04218026959168797,34.16953655938086,-0.4941074809053898,22.845289897909304
10,0.3384990933986038,30.32604377314832,1.1101651161651631,20.00631461524644
11,-1.0943437892883994,36.9464988428982,-0.9966801325238528,21.09936168144602
12,-0.5568156667259944,147.53920648730767,0.43085794349884865,22.889866988911628
13,1.1685901646625383,111.52399046020454,1.4932242666005764,22.998374021447383
14,-0.305310986951778,34.85277652217979,0.17846176025962696,22.23970249093191
15,0.06178256389523464,32.06848603284361,0.8148794159020465,21.023315761949107
16,-0.08315411426854757,32.40343273091048,-0.5847678544081614,21.394601471470914
17,0.09074742357079389,31.70010793327452,-0.13864272246537457,21.288366418634723
18,0.15901323515568566,32.052477300256726,0.747205599796843,21.651819747685387
19,-0.025398368960046644,33.64798344682848,1.4767832083913706,22.472056669407664
20,-0.22994265488491064,33.548810772082106,-0.8287400140625749,22.77061699218802
21,0.3939006192638187,34.67078693144611,-0.05051951297966628,23.32183056708597
22,-0.1553601019967338,34.17366642870483,0.36902996869844285,22.505888342326536
23,0.004137919060680193,32.42645318761803,0.9155764813078657,21.51672358550303
24,-0.13422867690674797,34.147726349339244,0.5179909443600295,21.635081544765548
25,0.10166724490136797,34.6775997843631,0.2938694808343857,22.648128527823705
26,0.27527628854751174,31.60208611047195,0.28805487908171123,21.271992283990166
27,-0.15457669518520073,33.13262360665866,0.04946609739197694,20.36964892211422
28,0.11193115583004674,34.002756323952866,-0.3678928281716142,23.403294828382617
29,-0.1962793205151975,33.96427665762949,-2.231771876230259,22.04889522308487
30,0.0726787048327167,32.14076493368633,-0.5334026402336388,21.510879701566243
31,0.0022330405395781005,31.332153875342403,0.7038480995692709,20.217276146162973
32,0.10084475104415559,32.645820197926255,1.0366248484248115,21.1374960900212
33,0.015330185262998772,32.4859787014436,0.8675729968948441,21.0565256805682
34,-0.08141438460709124,32.932742477454944,-0.12343135721618692,21.924528628547105
35,0.10485408916471792,34.584319956887335,0.9792224563865481,23.701943728539252
36,-0.22436785356651198,34.33571174882765,0.17342148611148178,23.192586663317726
37,0.4172574046669785,46.13862068481037,1.096920184325382,22.223801125268356
38,-0.15930081649722028,130.27651360883513,0.6705849389249248,22.44974947384825
39,0.3664113395918274,104.33438748540159,1.31998631012629,22.485649638833905
40,-0.5172286456224415,48.97669077529728,0.29653886489159564,24.265832318201305
41,-0.033151379639062985,32.2538047888048,0.8006846059371857,21.6537805932767
42,0.25839774301898905,34.30853843751471,0.9625952235436126,22.570985394771085
43,-0.33595923534852845,33.285197356898195,0.1869067139880437,21.717399791180945
44,0.5304719679402866,38.6102088044565,0.8504964748513799,24.992444995942403
45,-0.6142182964271394,46.119738478928646,0.3168127720924172,30.968267379096865
46,0.5584719273107263,43.544966239047184,0.9078724112265764,29.56695658967131
47,-0.42366522936187195,38.38803105961842,0.2657693943439323,26.088578431619897
48,0.1691119969310661,33.8684566564392,0.5529600312898336,22.925536896108184
49,-0.10297999912307126,34.518309216651495,0.48500400144364164,22.693760454027966
50,-0.14478592314713182,45.74082056882607,0.39869533660257095,22.960767926312812
51,-0.21396222891566272,43.55837036925083,0.039649365881394005,22.045832651371576
52,0.3539477152572222,33.64577671250177,0.9788380837389903,23.529115702697432
53,-0.179084846757367,34.687257955133404,0.09555151773735027,23.92455406294509
54,0.046035657104826384,35.59114738889023,0.033046155218718454,23.58598390454693
55,0.03801971906506933,34.1201806897651,0.5404434293886862,23.315494827439224
56,-0.0028364113641469522,34.78519541025457,-0.35135626964786937,23.42335451519554
57,0.32154538187771736,34.968716593422485,0.3221301314974747,21.806761969122526
58,-0.13184398299612518,36.241486696046024,-0.14503008284325675,22.7836045229297
59,0.028027682824241968,34.872359456576376,0.36737125093549255,23.478309361664266
60,-0.23461991012291966,35.66066572668162,-0.289193206671821,23.225465989213003
61,-0.10485002210803131,36.78447905002762,-0.2761629323086403,24.835637465934642
62,0.15943710772707023,37.245141084878426,0.33193467502744856,23.647972994703025
63,0.30556481499878385,35.01344981643257,-0.08297636891565774,22.917340445858308
64,-0.20904619333295765,35.05718565546915,0.8922762019807997,23.847011735580075
65,-0.0686476832063127,37.197598303924195,1.0231750390841805,23.350340906171983
66,-0.169797027948518,38.10478841771955,-0.47750125628825435,23.936568337137203
67,0.02072445608009867,38.280715413090824,-0.9768093950296215,23.719245218370773
68,0.04789661323616328,37.08423668021307,0.1310493654092561,24.081935596226188
69,-0.05162949429456512,36.24401945723588,-0.8011835168993082,23.626460745555846
70,0.3792152178857397,36.169608769694776,0.2208489524569024,23.198161837928954
71,-0.10669189186545272,35.53124477964385,-0.18391872743403415,23.075481177228262
72,-0.07690076275281817,34.56918048813151,-0.1740233752222009,22.65390819196348
73,-0.11766817732073404,35.77656816420563,0.14150843228735688,22.801386109623632
74,0.23437726751095392,34.08588456235294,0.9123528047652224,22.71939321235059
75,-0.08988213803095076,36.26328564302673,0.5415586730471622,23.66684437780948
76,-0.07674792047525192,35.908787056102035,-0.2590434237633481,23.29601732843874
77,-0.07119359350964792,37.37180018905532,0.2663797409021258,24.976332763880098
78,0.11250676973417548,37.08470179052134,-0.4372728439054275,24.551929303694312
79,-0.14155394254299086,35.583478612169394,-0.7276880220927735,23.908783375932124
80,0.08993292267454266,36.484087154516445,0.15439233078601178,23.987411372461125
81,0.03809039014703456,34.76569618253482,0.5201975066291773,22.70660256237209
82,0.03778815953390955,35.76003366417686,0.47692647639829033,23.479945052937957
83,-0.03934104436937358,36.42471651198102,-0.318352537688499,23.25313429089
84,0.1116313849825838,34.804899268636554,-0.17913125383610273,22.610584908875012
85,-0.03927829797761131,36.0409271355278,-0.17760812602137754,23.205880207885304
86,-0.12891438123424212,36.53914413349727,0.6965718915332479,23.273995765139052
87,0.02797913729545962,37.760718059673636,0.14276007984306766,24.836957208223552
88,0.15903677596398128,39.10641843995519,0.6007141300734569,23.065985299005696
89,-0.04485054643992616,56.87602245043669,-0.37455808312364997,22.945997800081624
90,-0.14273098427460246,40.76905744281486,0.5588282722769944,22.60797119674409
91,0.03468903315193357,35.92691898036701,0.3029346154922368,22.822024356560313
92,0.12965684157530252,35.91347413699532,0.15107460926874033,22.958388342283556
93,-0.053527899968932265,35.29160022722421,0.178910581523146,22.159257552454086
94,0.0011158902973066472,35.45836553411963,-0.2058867713404029,23.03250220430681
95,-0.27661642846343903,39.64519181180082,0.18240846012583029,23.79843215387258
96,0.2105308924149063,54.6690141216708,0.7535348743900023,22.92261768885616
97,-0.04630643787924699,44.260719667495295,0.6153723249100331,22.39654371581388
98,-0.12494134391471219,36.88486033388005,-0.26604232802274197,22.86454201322266
99,0.17704246806824864,37.077481657681425,1.6484869821131842,23.1371423478183
100,0.20296964472218307,36.26031928468826,1.0712192693652898,21.791707652066002
101,-0.049870999867997826,37.03384109415429,0.24542574366297798,22.672109962240434
102,-0.012630029982414697,37.164984274548154,1.245011432334739,23.100709721167515
103,-0.019246301136394802,37.58417129944319,0.5045907719963347,22.99506872613634
104,-0.027977330285979214,38.61920534332871,0.4572405796509482,23.21092172903336
105,-0.2827884427769278,38.24940463149963,0.21904569903067417,22.83669953367294
106,0.3187073123830403,39.24226309714822,0.6876765947585253,22.787744052169284
107,-0.1902741648923202,41.694689001027456,0.5947371230797667,23.415676730373136
108,0.1770671270823434,40.001123089716145,0.7301061179253616,24.011712782082864
109,-0.14316354077421006,42.731841143454844,0.20267439779938012,23.34917599527534
110,0.010155510891779568,44.312014824760126,0.6342543165360516,23.485111735104596
111,0.13545277702551894,47.68795911270791,1.3692055097350355,24.66053773187631
112,-0.029077000095694538,54.761716525711876,2.258211562983029,25.616806222102205
113,-0.1618449469950402,78.67892572591008,3.73205660222552,24.90418701231536
114,-2.230339854168016,289.20455486728605,4.173369312877272,25.301086290994235
115,-16.395938709631157,2761.22009835471,5.846393921954353,26.86009683323413
116,13.589926800112298,14606.997264361253,6.484937767417864,26.473101342024943
117,-196.66461066283165,37659.882564653264,6.753189713229991,27.95386439505309
118,156.83580800953416,45857.21833734956,6.9496609080757406,26.87765804378689
119,-19.81656542050026,29010.772689662037,6.7787633435663786,26.300157769883423
120,55.38846999857868,9045.170156369306,6.598719314243614,26.53561900692507
121,7.818099457450323,619.5255723782078,4.654025862225835,25.080975186680924
122,-0.5367496743128457,76.58659299259004,2.6879062797961684,24.30997766767636
123,-0.01521063072488225,46.388612148349,2.245597139897811,22.965206799164683
124,-0.108041873054517,38.562266892302326,1.1408186728698488,23.455666035077478
125,0.3687750952089157,35.1583076102602,0.754466162861148,22.28117798986804
126,-0.33156323246871844,35.21762440300437,-0.1802933064329617,22.11937133167124
127,0.08871611842797793,34.039587087936596,0.028580780691648044,22.69508328505309
128,-0.1389291946637218,42.55473642243732,0.31419756369911056,22.394143374876595
129,-1.113329773114862,237.38463017712021,0.5600524721107927,23.172694878792317
130,0.6925710874220298,285.8910757144296,1.0433027433176623,24.149150300402194
131,0.43486706055517016,59.041351315341224,0.1980670497199415,23.453601984438745
132,0.19264378949336772,32.5981071404764,0.2837782184133288,21.674006478892807
133,-0.2719115462598492,31.057710391462685,-0.06463160493281239,20.756140244465314
134,0.11475684101541067,31.78900430315769,-0.05848430173329139,21.830635564486414
135,0.19351228433343573,31.353477899311965,0.3308250852228629,21.123938194225275
136,-0.15435543563399892,30.583438172801134,-0.05624639691191258,20.967264921041235
137,0.07412942503585777,30.526864406568023,0.710584605277333,20.062196838763644
138,-0.009813310480281518,30.386671394983072,0.19345740454709887,20.63656308702253
139,0.02215019427304977,30.40375384066116,0.011140266034326274,20.006297089979917
140,0.008231053705424193,30.576436188736473,0.14892925560065842,20.26100651924755
141,-0.15448627428014067,31.042049855778707,-0.4675716202128668,20.778943554488567
142,0.05866084876353285,30.68736242309492,0.21839490205477574,20.28773342918879
143,0.1427231073481849,31.203396603069145,-0.0298062525631983,21.12317430598875
144,-0.1286123812473164,31.598192458057873,0.05714991740227138,20.376588273782957
145,-0.13488494362063636,30.937142757264347,-0.6617654831949058,20.68598480849022
146,0.07926745774525018,29.724895367728507,-0.19187298759683968,19.61077435757836
147,0.11045904438257403,30.70316044169053,0.32862604779485294,20.723543481958835
148,-0.11314151861108054,30.943947492061284,-0.22482719903327952,20.646651482040596
149,0.18752667647197285,31.359367300539617,0.6456206652191168,21.14483771970346
150,-0.13956420285224183,31.618498569919577,0.3100234733496052,21.390991498065382
151,0.21181933914563605,31.56579966402669,0.06775562018213965,20.923286974600565
152,-0.13378271483244594,32.297553382879826,-0.04721392892532661,21.895427266844322
153,-0.13506919025027703,32.31025882919966,0.18341540329764405,21.627731657826697
154,0.008574130873917998,30.93741645229933,0.39197829689691155,21.392023969642548
155,0.14207906531741013,30.041359344054662,0.3029069602958442,20.066161478637138
156,-0.11388926461078713,31.049999065379392,-0.3549464122367121,20.90371605582503
157,-0.050980611620644024,31.760178139485106,0.16142886043935056,21.633415079681885
158,0.04664286879105338,34.26952685320338,0.024738224298654465,22.955474599080286
159,-0.023549472702786733,33.92083975391734,0.36065947319102953,22.501486273962236
160,0.03753586596112412,32.33431664570825,0.2236936483917153,22.039692832992515
161,0.04115280966250167,31.587166471703284,0.33109937212908513,20.679350217455998
162,0.22486177374465355,31.175654863726205,0.1804277975246391,20.729284341891336
163,-0.19688412670891867,63.27722579253341,-0.7993472952554548,27.635638038189565
164,0.5156250060236314,259.3983254032742,8.573201733036708,83.79670044512332
165,0.01965975934226906,271.0083581737135,7.597276969933798,94.58161546188356
166,-0.5770569949079545,81.28163820417679,0.055583151780219,32.17480946894849
167,0.10441805684066144,29.84924734495347,-0.0660130554089613,20.047144936615066
168,-0.13256095433082182,29.053924078199163,-0.20341991960261518,19.791143241084754
169,-0.12740056082824258,29.325997650941265,-0.18591275351433723,19.869789433488357
170,0.2207512077962291,29.72883034654401,-0.17782220270755233,20.078130168753688
171,-0.1559233713834347,30.21087894107541,-0.2206777976481555,20.203894527963186
172,0.11325235699172831,30.31946162272269,0.8189417081170427,20.222018415693746
173,0.027326792248539934,29.749317460898446,0.025720334381340804,20.340932765857037
174,0.031451409582396596,30.132201644755078,-0.0568830093264836,20.40462606191053
175,-0.05604667884825612,30.174533126370406,-0.133705079574435,19.51583467336394
176,-0.04715613659077481,29.808349030719604,0.24965328828343436,20.313820979604206
177,-0.02304050434462,30.339599599999953,0.1518849062860257,20.01079335106098
178,0.11864971045023956,30.271234497422792,-0.3838360619505261,20.904707511911724
179,0.00310573734108511,30.515186338213265,0.5487151598591762,20.900238465225
180,0.16027650066181318,31.142013513917487,0.1584935023301025,20.59458656102277
181,-0.3482158660730508,58.89395326069763,-0.9294132880142068,22.63872194242869
182,2.389679357163817,499.2206841609379,-0.5278365491190429,21.047138524545485
183,-1.9492707183734632,788.8246772732797,0.6529139711311769,20.73943730342116
184,-0.4321633036257043,165.51902631644663,-0.06686738093306949,20.805764022289388
185,-0.0341573888617762,29.824248427331817,-0.16007217768711657,19.747529392488005
186,0.1616190934072578,29.94996911548516,-0.11061759068139909,20.02256242893891
187,0.06101892045287246,29.641720182278267,0.14176171859355202,20.001343461254756
188,-0.08034945050448378,29.642865423190234,0.0010259985357823354,19.880698762580785
189,-0.024450139919148867,30.358350463616,-0.156572862723813,20.077383434325718
190,0.10186025938739908,30.02869078791893,0.4822177252332711,20.434001342937073
191,0.05357916428962958,29.786545997907442,0.13538176146257366,20.062958869387728
192,0.006572569514418797,29.84421384713842,0.20574103987284897,20.408140243155593
193,-0.13577997271561779,29.649057285227286,-0.27822892451932013,20.13168900869252
194,0.059680679043465995,29.793027586226486,-0.17592690766262375,19.680344453548845
195,-0.20461147669806226,46.99203909933728,0.5843371721885866,25.61150678341917
196,-0.022607132302688546,110.76229526342263,3.237802794695133,42.71133726856705
197,0.33088758383561667,94.7232481479489,2.5816380351100747,35.380044256620465
198,-0.09764276536913494,37.444797113488654,0.5473132499101097,23.957001641322904
199,0.01682562029160934,38.153164946522175,0.4815086065624101,21.872604768500093
200,0.12984882042015314,64.89731799429168,0.34120164400405795,22.00870776887958
201,0.0018849665987616853,37.405822824964524,0.39863558249072134,21.228418441692483
202,-0.2380402715301532,29.472579240567693,-0.032144232465340344,19.93683743947524
203,0.1274793800360876,30.290198183486652,-0.5278468115279902,20.794330843633226
204,-0.018534390430933974,29.89510793299456,-0.36286994987331056,20.299282909711092
205,0.057367365025430765,28.659034837687294,-0.29933039262107175,19.417288765605097
206,-0.20772104063222585,28.94656365582432,-0.0800437547204298,19.53030840756135
207,0.12205388983483562,30.16695666030822,0.04552488007076205,20.072765243413322
208,-0.026946562524332585,29.96742752126326,0.28104092970254385,20.243313671993093
209,-0.03685153675060364,30.40672766477513,-0.026257999711310376,20.30509452746972
210,-0.0257319050345632,29.013329149928023,0.24404718930313418,19.2267296976975
211,-0.05933451912904257,29.230910882128548,0.05439959400249972,19.643989091495857
212,0.2287454740576742,30.38808127615415,-0.048049450501643776,19.82920098673751
213,-0.08004597363125236,30.355644959857482,0.36399231805659016,19.710780113599252
214,0.039529186864531385,30.875547046767448,-0.46464637267402775,20.96519508144084
215,-0.12890120266368407,30.024273379750383,-0.32375643324032977,20.139569516950992
216,-0.010974642644361474,30.370368811138817,-0.03276513000255643,20.248131237553242
217,-0.07905817342181781,30.3069459041193,-0.4090172119261336,20.593987762993315
218,0.10910021621799379,29.215452533812876,-0.05420299417978214,19.67814319090929
219,-0.07962980738734453,29.91187843199419,0.15884526861393794,20.074464579934023
220,-0.004986445362693962,30.449368839380817,-0.10988612856177049,20.344930798292737
221,0.14961396061008703,29.80222158032951,0.2009507436209863,20.22322062403128
222,0.09261809312492608,30.369592270235923,0.015176567804377483,20.265323644306232
223,-0.1452845099988055,29.96688978950209,0.12453637324006506,19.84523935723775
224,-0.02203095423133618,30.470018562007496,-0.5385383553940575,20.753249260678636
225,0.10322427857760524,31.087878422757104,-0.4216694294112262,20.635452263216823
226,-0.10818339999872904,31.3819670009103,0.26684589278500426,20.922439405829213
227,0.0818863782053831,30.95946979982031,0.10318144149781516,20.16045548579956
228,0.06926945677635037,31.39790053450779,-0.06355843656405391,20.851811890430923
229,-0.05729127001599939,32.27031946900512,0.2873398481101188,21.07437168672813
230,-0.03245761901849405,35.295692544564304,0.6301782134663956,21.37310299329527
231,-1.3535399626265487,259.8805161811672,1.382014470623381,22.3675254837558
232,-13.884934670276934,6395.384665956207,3.122083131632581,23.66921450755887
233,-20.615912126985165,27531.32867719477,3.972120119291135,24.372881495277234
234,58.266180044005026,29799.540053030105,3.0984534881915753,24.832099736115328
235,-18.274754091925168,8686.169456767528,2.7791350067825373,23.82068770029325
236,-4.078665062199342,341.69579081823974,1.7568639443717942,22.446414531722365
237,0.02811828619230893,36.523343324444156,0.5169963188139501,21.999587481758518
238,-0.06372139657435913,33.357590591454056,-0.400022641524135,21.765815459280475
239,-0.0956300803642357,33.093613999126866,-0.14124811764304412,22.18123066242514
240,-0.002644141413744401,32.190127429572556,0.4059781599258109,21.23687916965674
241,0.18658094137262524,32.428481266184896,0.3077362525286019,21.415280632572475
242,-0.19516178650116414,31.593026443700463,-0.1612538658079659,21.18900863861831
243,0.09748041786829059,30.2454949300864,-0.5025204532087153,20.08646556072498
244,0.009080178932936257,29.991179894036353,0.21639738873626035,20.5339231187443
245,-0.1303824631903725,30.36014405820894,-0.1672697898549379,20.230401000574055
246,0.08797600728193124,31.086647556954542,0.025367075969898067,21.277163592613732
247,-0.12261822911665803,30.445214428816602,-0.20599442579452898,20.43947218571138
248,-0.022049117674736676,30.647196280452995,-0.31504762919793766,20.500935413076938
249,0.08692082487035185,30.765133514230293,0.5279282328971187,20.8898299392759
250,-0.07396028158585018,30.078120582720832,0.4923605899191158,20.206981736555484
251,0.0466296804300029,30.0204418042194,0.32910810422627623,19.73888283343993
252,0.016215900857787326,29.978310248481183,-0.6125606181829522,20.00814162205392
253,0.05013823436168781,32.03506231454118,0.36090131016554716,20.643694628150048
254,0.0254152079151603,33.64504948360167,0.32011377330041,21.097331115742996
255,-0.06834685992350147,31.74700355563081,0.17434389834730846,20.8743542473221
256,-0.05596154593349154,31.171903091689156,-0.08768928297982059,21.13391212468076
257,0.08717628443621632,30.553527225618573,0.4214408329793163,20.617557657760358
258,0.0884791162724904,30.172539103905468,-0.0921388668086412,20.505426592184808
259,-0.09829450805777896,29.904558247928136,-0.1455102380391477,20.217003208343158
260,0.08415168412763718,29.69748256974365,0.2830623283182219,19.924780822174824
261,-0.016020262841223164,29.810232291912257,0.2418782580654305,19.93791812627278
262,0.04224528467987563,30.2952288835843,-0.1140028539232727,20.258694288234892
263,-0.02865117643022615,30.92431273199193,0.4570317954035523,21.066312081834162
264,0.044677036251444584,29.425370374854634,-0.028905951493988447,19.982655830089
265,-0.11905333066430371,29.98314288266987,0.06368043420575298,20.267424199899004
266,0.02986320618129121,29.612542452235566,0.2874151994420474,20.18778331057229
267,-0.12345544780431505,30.451292452229858,0.22503681961023062,20.283855793216993
268,0.10652805156874973,30.51975395039499,0.2522673753961968,20.36008952235058
269,-0.07490521812020884,29.94494716784063,-0.18543803092807146,20.04842915766208
270,-0.06033754876608317,29.656248501834696,-0.0952304148291514,19.72727311469837
271,0.12857073385601195,29.473322047215134,0.3261355487670875,19.62482133941684
272,-0.012356374933308673,30.19382437948562,-0.054287335179313605,19.935591326725223
273,-0.2007405281808597,60.08938516229954,0.6966654183564067,19.92454375177429
274,10.768565201469482,1067.1152046266377,0.6361047188440354,21.06292457559582
275,-19.426987628068844,13327.214811165079,0.918857349427527,21.289614367998585
276,-12.6592072376773,26576.607363563922,1.0558333129471924,21.226732756316764
277,18.319053967010156,11542.811590307238,0.8106623321808433,20.449446272604625
278,3.0468729314861878,535.7046233767574,1.182403805447725,20.3227236841535
279,0.017782525347036945,38.96731040818284,0.5664379784265507,19.819268971111576
280,0.0994016139145361,30.258642664704425,0.08112591391475923,20.192704353006555
281,0.09172718027216827,29.694553765861087,0.37678947866903095,19.66820327322823
282,-0.10626527681232223,29.302203985220306,-0.31082862372968734,20.075182143939234
283,0.059129004351150566,29.148298522908306,0.07728127640497229,19.33335507904726
284,-0.04750830855232112,29.9652465456128,-0.1019152607368697,20.334269662294684
285,0.008511787703334384,29.506542311622177,0.03336221662523897,19.79991926649681
286,-0.040556849029765175,29.817567535711056,-0.10812283215531426,20.103101819712943
287,-0.05898982696316315,30.765592702516347,-0.04725196139587862,20.748260158042964
288,0.18490471949619114,30.89027047029526,0.46350457613793716,21.00014530555132
289,-0.12943761018355296,31.806658793233524,0.3909858416563584,21.411552151765342
290,-0.06515737142722239,31.405183221498902,0.07821480273844325,20.871978198719653
291,0.060307680326123686,30.93769894573222,0.21468625065203883,20.798510883203434
292,0.025178727480467848,29.988864679775016,0.39682531786608954,20.251739112192226
293,0.009223651687127616,35.435764649431135,0.2965455872661932,22.148721417248847
294,-0.4550317350764821,65.3590533069289,0.7535282883150394,29.23814048742331
295,0.4890388927595113,55.05387070706045,0.8523832903271211,26.956032867864383
296,-0.07315190477282293,30.528646466121984,-0.11860068764458087,19.91911559275144
297,-0.0005182382283124526,29.798327971616043,0.28772388810220517,20.265594465569514
298,-0.005777010947471899,30.419419276309657,0.1129764785975228,20.289704074079676
299,-0.07999737954768843,36.83275595523339,0.11317927601223854,20.55334162942443
300,0.11644396636727357,33.09931240308424,0.38676580010762307,20.838810349116557
301,0.006649417517523451,31.37559668240037,-0.46773838441344306,21.04349382350554
302,-0.08613042646981876,30.64238904771383,-0.02613297715618046,20.840658605130756
303,0.08411281180373972,30.491994604331566,0.7363233999361798,20.661871002634612
304,0.09939989913871168,29.756490229639112,0.1960419318775104,20.518129146590688
305,-0.10400841085673468,29.02150418952374,-0.14574636390245974,19.879444048640686
306,0.011701010675123474,28.954871861063076,-0.0973434841246616,19.04778866703839
307,0.07414285199462281,28.92634535472949,-0.16925485630359827,19.383937620382024
308,-0.16090655580936733,28.909331637052407,-0.1740130175031876,19.21326989401272
309,0.07613324970939299,29.63275023029685,-0.07451636916180604,20.22293731903028
310,0.08600678331593842,31.734901931771812,-0.012839011594354938,19.466785871048554
311,0.7632540128923058,322.81075530897175,0.6823056919171916,19.304340469576793
312,6.228014633860895,1453.597319025705,1.1237374228803123,20.84265190167058
313,-5.904782588167487,1759.7449677125055,0.9126534510279499,20.981776984175763
314,-1.3125584839071147,647.0699692779889,0.9995543221452052,19.88798419122218
315,0.10338940703672557,53.57313559261679,0.430849637490408,19.888592015911513
316,0.0399239832024573,28.951299328384735,-0.3687073588948615,18.876450891673933
317,-0.11239666293507175,29.22043182401432,-0.21724301933907175,19.99355717522797
318,0.07783189618392153,28.882159444416274,0.22368521524030305,19.125886355185468
319,-0.0040438951310778565,28.190544100183097,0.3214808455291105,18.773927064825607
320,0.03427089546707671,27.734375132376428,0.2326131788189798,18.571289861650932
321,0.10362168911729722,28.408245487632033,-0.17369849029882406,19.000002501267733
322,-0.09608305536320016,28.926085222414258,0.1870239813984078,19.642837278892443
323,-0.054156064153963804,28.69490072593872,-0.3192733453379435,19.426555220690986
324,0.07248772865759799,29.060926445901142,-0.14192085064617554,19.402524036457496
325,-0.02982451046255367,29.515540183678112,0.05808301703458775,20.072599394804055
326,-0.0864419927655056,29.257400610700973,-0.3620943105260612,19.519363911106637
327,0.12017364951552176,29.150630134734595,-0.0750525562674967,19.51410029359672
328,0.005738362806917066,29.47495585890652,-0.11554919116728193,19.695095511305556
329,-0.08228105642698626,29.281944310228596,0.09222497461523327,19.593813735287842
330,-0.009452789541300455,29.14524873268024,0.2758085456800079,19.748638244967793
331,0.0472125448071453,29.799355749159616,-0.3302202581473142,19.924782679210445
332,-0.0671008933159844,29.221202404628325,-0.17102370910781328,19.655020284187398
333,-0.03793054237737006,29.534396732644023,0.054157609308973426,19.575265988624523
334,0.18420446387964118,29.51302818127486,0.19386971402802144,19.403494900856746
335,-0.07978887813988812,28.731265109114837,0.10005644779478295,19.12106027140066
336,0.06625205808613056,29.32249102717803,0.4056505961692203,19.47635579303955
337,-0.07234549805591507,29.01652018693109,0.1923452009086467,19.239952984357135
338,0.016794035213283074,28.56803888352665,0.030045162727067726,19.070294460256218
339,0.04876835656386368,28.86757138091175,-0.02256347622567101,18.882469494088777
340,0.028367182399825865,31.199949885166557,0.1828233971868029,19.322045900744882
341,-0.030154785041512505,29.86787837190455,0.3290830747503205,20.04638011874296
342,-0.10647193230483523,29.145815046933123,0.004065254619556598,19.742792980897285
343,0.1577542840784771,29.112692953300805,0.24971932361045157,19.688871531363574
344,-0.43884518562411623,62.8480786494913,0.34847533179735724,19.506782213673954
345,2.4210738953566855,791.5778532927063,0.027790295111477237,20.24523571593394
346,6.9197927343251795,3015.010873500739,0.7810014142067061,20.51099608501279
347,-7.1926596029173,2520.635043998012,0.7011047723916071,20.68991960652923
348,-1.7504752271195658,481.9541809279923,0.6016689245226137,20.269309724908286
349,0.09139971255171637,32.39302709080919,-0.13597031887671207,20.00048361457698
350,-0.16209661235794337,29.436593428682094,0.5034514307044722,19.518791052695022
351,0.23504303470151605,39.52225704360682,1.0013350703407384,24.159400601452873
352,-0.26107984223079395,62.8691705317975,1.4353160282387227,36.169203897872286
353,0.1506114735259045,43.72722545221815,0.2074949716572682,26.31248435491181
354,-0.1481972519173559,29.433663112076488,-0.18346145603357789,19.656869376954035
355,0.015307527585379274,28.429094170760198,-0.2789595826906047,19.12766916285137
356,0.13141556534973467,28.966096065344345,0.09049870610171185,19.517568601242623
357,-0.05688188004921599,28.974007821526538,-0.03277151886997265,19.52235209324281
358,0.06000778082492834,28.44731168882856,0.3802969509453296,19.092398983114006
359,-0.03756930795098385,28.523320522668968,0.29925923104122765,18.82830594437064
360,-0.019829379439573896,28.55975829992902,0.23900266286875965,19.12994280921965
361,-0.04307956034248281,28.650433734009717,-0.23129483345851992,19.403646643072214
362,0.033669476266477726,29.061582348850063,0.33990013305348327,19.148153809567717
363,0.03795570984806942,28.938220386559614,-0.1401035065627771,19.287868595972526
364,0.08087414351543365,29.02930422613106,0.15368917917553104,19.630096297646425
365,-0.003857720257461875,28.969613061482654,0.010110671334839227,19.557550410328826
366,-0.1112629506129712,29.458355497092835,-0.3415287181296893,19.730535241720574
367,-0.01283181380557822,29.26789555520511,0.33021962656458825,19.603811611405916
368,0.05523636571984764,29.87915105044365,0.23288359212970916,19.846191728685163
369,-0.022882786130615014,40.46034273493387,0.6656880871128577,24.726078575848184
370,-0.13456852217679785,41.27268265009366,0.39207952917520994,25.5520973115609
371,0.008655312505394341,30.042346813085565,-0.24515939759294536,19.894392855359232
372,0.05136139281261962,28.663781743250684,0.1271276146026592,19.515513879215035
373,-0.01660590216392386,28.912059908426162,-0.19344796239639905,19.27806090616415
374,0.05601225899678892,29.186137336963544,-0.3279255215676031,19.297163030580723
375,0.012526058334034383,36.98340346011034,0.14728059039939267,19.863672341752356
376,-0.09439573477970481,196.01074192042918,0.4542689844947828,20.61053001770406
377,1.485120052438434,574.8069730785539,1.3732458556744236,21.600954399653467
378,-1.8050760781580795,833.4329941585046,1.1630714552881694,21.659382471303434
379,0.14573531980340784,449.593440888396,1.0368903707729862,20.369463798116563
380,0.26525826680955805,40.73538287727433,0.14104863853695981,19.131036945376913
381,0.07497038533234138,28.88032185662247,0.22493525108997492,19.440630094789093
382,-0.03174602041594365,28.86497518439371,0.3726186367169356,19.36289504185587
383,0.08643489512406266,28.873004184840806,0.2949874235842436,19.657275242451533
384,-0.12848344717410062,28.67623673340792,-0.22432611255781088,19.199166079915372
385,0.028832400714177257,29.021752981671035,-0.1183519227109755,19.501561113260298
386,-0.0238805831013996,28.63085257519782,0.22131256542564637,18.902199298117896
387,0.07665670499954219,29.06117222399613,0.05224631248623979,19.35000269446694
388,-0.10998386239027279,28.76397004297099,-0.03422474436936884,19.49395219744058
389,0.001731484357790725,28.349204692715738,0.011604983363814589,19.134142690059903
390,0.14425233882133348,28.299360293004916,0.2019256037892992,18.866587809966695
391,-0.1121485923736526,28.448126111129188,-0.297158668014748,19.47207711642566
392,-0.051112234982193715,28.471925210951067,-0.22167883271481426,18.72541143493105
393,0.0768941460804207,28.039341250501895,-0.2405070267516498,18.96416109852515
394,-0.06081837190610102,28.331516233087203,0.07629105246937679,19.139292403950297
395,0.1338044423942238,29.09921056527875,0.08862388952462363,19.69435870127979
396,-0.029479325435838494,28.68460717172388,-0.0832879472376502,19.379269969131617
397,-0.000847922727402308,28.749886234554182,0.18546650908908954,19.128434189255934
398,0.029043128783679234,28.850527957855352,-0.20876758539848606,19.378134333767203
399,-0.07744752533402323,28.700704532017237,-0.04761270270238689,19.29450658253979
400,0.03971197595580182,28.98639457975697,-0.18963368966219785,19.5484415884354
401,0.0066434677698467386,28.398852382530453,-0.28252146770555875,18.816616163349714
402,-0.04780151637153658,28.58442471501937,0.06034499878426758,18.95602833155414
403,-0.014996778556397302,28.493087741376048,-0.021381424701522267,19.163475073921667
404,-0.039748619813211254,34.16353880276901,-0.25149430487137536,19.33035548179368
405,0.04948447233022446,145.1152730022354,0.3571541871764591,19.427743485723003
406,-0.6044663552811754,239.27088961072388,0.22825986622406003,19.37917141092802
407,0.6948230544883462,125.92307440874445,0.3028487799337121,19.256585727076683
408,-0.1601203869792892,31.717746271680262,-0.12121369950276628,18.85804031553372
409,0.03363496776723759,27.780251645935433,-0.05364095716486661,18.741086358574908
410,0.04090590314219406,28.50187664734204,0.399172613466277,18.82038896983904
411,0.018120229393963336,28.408497833227333,0.2907998508250799,18.84647987876162
412,-0.007860821007630442,28.73897474167312,-0.038607949473231276,19.296890858123184
413,0.020635237705028904,28.551042843439546,-0.1098590065509748,19.207427642807396
414,-0.03876338551021289,28.21371762323903,-0.13234829262160286,18.945575212595934
415,-0.021515365790565198,28.48990970965108,0.02276622222557978,18.807490516114946
416,0.021869536114024132,28.667372899890154,0.44230619562898443,19.214721586890725
417,0.005697951849109462,28.328484230268405,-0.23644393249342954,18.61189385068698
418,-0.07899726779311236,28.407601807114716,-0.15023757477085775,19.212969189146545
419,0.0014440815600240968,28.48716812785204,0.1289838012887614,19.128011267948217
420,0.11737650758029922,28.002453985561182,-0.07955063692669906,18.80530047709356
421,-0.01526171292619543,28.29274178502696,0.16741690954064392,18.689427934243643
422,-0.014741611416031673,28.49616759294458,0.2034399664138681,18.99340506253648
423,-0.004055601795595464,28.637406021792653,-0.573309399210161,19.413098310073025
424,-0.0774975441836943,28.476828641509805,-0.10917371818073986,19.024080065734495
425,0.0874993417338735,28.120838008547942,0.003309012733657246,18.751185765168294
426,-0.004447163093282913,28.170565788824266,-0.23159211152122028,19.0054437309939
427,-0.0011634037059506579,27.89840684136712,0.26751484248861357,18.833915384386316
428,-0.012069908562953651,27.79265213322876,0.1304137269760366,18.581782398453853
429,0.030353601792478105,28.322684326366428,-0.0532760924247585,19.15722349303059
430,0.01855617791414258,28.54791620590853,0.5002302090463433,19.169622468225874
431,-0.05770978322540895,28.246297095399065,-0.23895171710115237,18.915137136056842
432,-0.020185914401519178,41.75060004502395,0.0788123815351014,19.33824410371958
433,0.07443429648096724,72.87730467137888,0.23784800989775512,20.659678654821867
434,-0.08572534212276617,76.40715303760363,0.09543993326448036,19.96912260069836
435,-0.02911522164185315,32.40627351320961,-0.021179091574166087,19.444829925421136
436,0.03188067001293603,28.59827846026035,0.29867630873035333,19.417361079783042
437,-0.05179321449681295,27.69675372951879,-0.2628111131137443,18.399052070665213
438,0.08620676717497751,27.73988008765362,0.008195469988135473,18.96320113185948
439,-0.045742475346632096,28.14516725297875,-0.29241773403718985,18.382533848066416
440,0.08228364752670002,28.11260622063801,-0.06549951941056462,18.866440568466388
441,0.008130461145953456,28.165709218508198,-0.08005730954158996,18.617354888824494
442,-0.004095200286794207,27.683919363818735,0.3267853251101678,18.26716722574379
443,-0.003644157658988956,28.01972771063305,0.13338005634232353,18.551795229858946
444,-0.009768882908528205,28.260840104741202,-0.2734634242122569,19.31466544174449
445,0.03231401522008622,28.39844092567232,0.16598057711645975,18.8200967731689
446,-0.07266961156111691,27.86994079605539,-0.10457525436696091,18.84801554781437
447,0.06786828507577852,27.400552649177826,0.17433545141365803,18.336499358601912
448,-0.07388663117671579,27.0847768354881,0.013063622007161158,18.261208204060253
449,0.08919685804969989,27.551833075032196,0.11327211697918682,18.490632841088402
450,-0.06774653629355022,28.284491667870505,-0.2243410312118203,18.906221508627112
451,-0.043920692829233735,28.456385843605883,0.26924181330168,18.928963304481705
452,0.053307118147707666,27.95575757607308,-0.15675252834230724,18.867843344587232
453,0.034942778334917254,27.942910189540424,0.21306589423401018,18.604187485581225
454,-0.050252059492109244,27.877180072123757,0.4008379148440104,18.92084198902843
455,0.013294427806323702,28.646370597487024,0.3314653651459246,19.241169148956388
456,-0.02972700750518134,28.663763665085806,-0.20486016380167127,18.967890025461386
457,-0.005830727598993507,28.24021396382639,0.0890302406342871,18.96558895066515
458,-0.003523683217899749,34.55276141144238,0.3025943583959696,19.1725565940359
459,-0.5507377237512874,159.79570261537128,0.18125610963818878,19.707823290798313
460,0.5913065023327647,110.9267120544659,0.2587170110152872,19.382925133996473
461,-0.03198133933733227,28.56433692254416,-0.024120134129252735,18.62913379142012
462,-0.021132698167388,27.28554532876698,0.27530130510941797,18.204495134925015
463,0.04192523842801966,27.196834101386077,0.02386542295684757,18.10602934752905
464,-0.00022383343436221015,27.58394394773102,-0.13711137608027735,18.263201817908087
465,-0.03826665439579901,28.156312050009383,-0.5983047613594765,19.00076168653516
466,0.0002609627639459327,29.17136972141801,0.03230137401551758,19.530590727325183
467,0.023311342383412748,28.798814457750453,0.15229940330780772,18.970118777860502
468,-0.03147822521019258,30.364592087981276,0.07192282869505284,19.898469913321186
469,0.1416586526488525,31.79538274582662,-0.022518630242853832,20.15436116522644
470,-0.017633762393511783,35.13679031238223,-0.28268043353810957,20.474325286013702
471,-0.029402567984947968,45.854276618535366,-0.16349203932712486,21.395306097086493
472,-0.11230309384709192,49.73051669054412,0.1454242493073803,20.775323027802756
473,0.029453255444763567,44.87103136502004,0.37980616208750817,20.80888381476113
474,-0.03839162894808714,42.05719364961907,0.5101000185034721,20.335114088599042
475,-0.2169044635128324,43.66095236324174,0.43032598252281407,21.556083746075576
476,0.03886689423380888,43.69147329888838,0.513622146063482,21.27909164672665
477,-0.04275798911342981,40.128359303429434,0.21260456549361173,20.007457341539613
478,-0.21055597304756216,37.82614729835358,0.18859543580967325,19.330418641934934
479,0.10989242168774392,38.74752403067215,0.11293366881190547,19.21809396875689
480,-0.12102566252131,38.74632794626908,-0.14833845553549452,19.50764535524379
481,0.03975549242492812,38.33462978722483,0.12913897706140287,19.547877880830946
482,-0.11754628445333169,40.52894794859961,0.5450246919366442,19.568433409425275
483,-0.1522052320079579,53.819378006908984,0.2530191521794407,20.129031804277027
484,-0.15812621041247335,52.0363692763824,0.5733994950531648,19.84750110433299
485,-0.16122224858730694,39.32683102138917,-0.07018934453515424,19.787596125297334
486,-0.1559993537331941,37.70575060355244,0.3463528429048901,19.698708429163567
487,0.011716096849633359,33.688787883666045,-0.19275064979436807,19.26694348259347
488,-0.1809937261528556,37.060093392260704,0.03727532280043455,20.408382826350852
489,-0.3075234853594841,41.61755683459032,0.037012607533831066,21.897257830435326
490,-0.0017803845837120675,35.77811069277504,0.38940474458700214,19.950706610645483
491,-0.20772798298033784,37.33846114705312,-0.12036526760220356,18.74889445993918
492,-0.1401302536787913,40.095618326192685,0.1069365878991837,19.33921663392784
493,0.0023881505645390747,36.194782612113734,0.1489938059213194,18.825165483003765
494,-0.04986688561958701,34.89311558103262,0.0843441216082983,19.152182329475956
495,-0.2387633538443747,38.11501234647723,-0.01866068028855858,18.512615135492197
496,-0.19653813730891234,34.2936971350586,-0.43357991537081375,18.673118789740787
497,-0.09432625777967692,36.6404901903191,0.19787425454694763,18.82102738852499
498,-0.26903261560758596,37.807919866566344,-0.2684466063011346,18.901742965033485
499,-0.09263971208357616,33.56305263030691,-0.3351838932494662,19.065976535066376
500,-0.08760755315048634,33.93431669187177,0.07152992248609547,18.728648711279313
501,-0.1605213504299333,32.892312603618024,-0.19589712891289024,18.57742577023495
502,-0.3220231105614523,33.081786553815355,-0.20507591853507545,18.982358504885358
503,0.056244978643210895,32.71696662590272,0.1324375478240556,19.302013011977557
504,-0.36795741180122427,40.12624341981162,0.29075302623061017,19.539461795080054
505,0.1463982716428716,41.29629358487795,0.2792656214471436,19.22756929808653
506,-0.2363135299597377,34.78000393076513,0.1356917803414417,19.457888327936587
507,-0.05511179924363051,35.99299155660124,-0.0730980819145528,18.756715474312934
508,-0.09315028833770976,41.135721790329576,0.18993682028551628,19.19693886957265
509,0.15242549998293925,37.73441250088946,0.7355846186401296,19.057250365481625
510,-0.09380913066232226,42.3967063093016,-0.2152457830271679,19.400554614338585
511,-0.18518882768436848,44.54827207714336,-0.14993237525384462,18.986760287364028
512,-0.13225103396997773,32.79458483715166,-0.19131866704346967,19.22614770734333
513,-0.06537598812320383,32.39384578361618,0.17802412044698368,18.79012389701793
514,-0.270847480502892,35.61918234455894,-0.19698868674679026,18.214259755674412
515,-0.27132919601639893,38.01742601139843,0.02691441263040506,18.88878305432119
516,-0.1982554262016736,37.08601214434179,0.19869352465900558,19.35242639154673
517,0.018980513602994357,37.71793453326521,0.40833689377854276,18.45737888522364
518,-0.19810719300568458,43.81388027073129,-0.27794186486225403,18.74057508065839
519,-0.17590319159705187,40.85684967633884,0.013153302652153087,18.662819666473716
520,-0.08917928266299761,38.61097635333375,-0.03948159642205529,19.139850664551524
521,-0.04343676230694435,34.027195144831836,0.07779709790398126,19.08003672763501
522,0.02998292987721841,41.4265884423547,0.14249337830828201,18.683080907853792
523,-0.1737142677431969,52.13064692873837,0.05174921842416591,18.434920781516432
524,-0.17505276183148524,45.902561536904045,0.23767249978243798,19.293758877839437
525,-0.16365668072484493,44.3269426640391,0.04743082541887489,18.49139054991311
526,-0.27698288845064045,41.33928850300407,0.15516798668820808,18.948402176936316
527,-0.4211582809866315,36.54386566418044,0.18635550904205678,18.902975536023963
528,-0.04961357288464575,41.82252578933616,0.6611262130765507,19.267969386941505
529,-0.08633262301656089,42.62104565665384,-0.045773939937485686,18.73722408812834
530,-0.018473163831523864,47.11282650396625,0.14578436765942904,18.64456784390761
531,-0.41988719250499595,34.5593730388719,-0.23321477155711623,18.242968490507963
532,0.02737970535206917,46.37692462416937,0.251514720604467,18.035793451848534
533,-0.28487621523297635,54.88503607319305,-0.3011826989625175,18.661113106175424
534,-0.5881444827387373,63.17200661455549,0.4838018428450148,18.749247046125173
535,-0.17061286653443902,53.30022686258596,0.4423174739727984,18.321208174500917
536,-0.21256016242839332,53.81693045973202,0.5112785913202045,18.491480311518316
537,-0.8587654952553895,44.15623170677835,-0.5744672015231931,18.69168220733351
538,-0.13070056157324153,55.110781839713916,0.4300196205134552,19.027865488485865
539,-0.3447064145210525,45.62327860964591,0.04497786748376692,19.884539413065042
540,-0.6916829147850796,58.10319289878535,0.09208666330603066,19.733590287389855
541,-0.3633572142505872,48.002847354317964,0.540498788746045,18.897637919100376
542,-0.32929302637866864,43.39354508816348,0.3046952592698249,18.49999909225103
543,-0.6209099295259725,47.956770332175616,-0.2889973623551896,18.903658929996933
544,-0.5939826730726311,58.89317462082258,0.033826923533594844,18.59250198616904
545,0.014495037097747148,59.833182584572576,0.09999935325738907,18.41508078584566
546,0.0413259225595604,53.672298721605905,0.26867149437309834,18.304418819714197
547,-0.2605981776646267,56.61425557063587,0.19658536228835732,18.558422016946594
548,-0.5490842121531188,68.43224367086083,-0.03550726204530519,18.864457790955566
549,-0.5196387400144302,72.6551769024634,0.1600351862965521,18.15534870587669
550,-0.8718645347208923,52.13878726271788,-0.03827588492394618,18.48220143762586
551,-0.45190345990992487,66.24595946443108,0.11218437287626659,17.871937959760192
552,0.0012450297426822219,64.16051539034079,0.9819204447508172,18.003225442900508
553,-0.7523183547862056,55.27021861314753,0.09765499681919598,18.271543319230986
554,0.14191471169579462,63.93055411470575,0.006816796511323275,17.97253416413377
555,-0.47643216111412806,52.14240929805677,-0.29377835471293623,18.64472878287907
556,-0.7157012344993449,74.42354184528463,-0.03309238944714865,19.15030404450946
557,-1.5325975263139744,55.41765222299521,-0.17231856549363922,18.957339375365947
558,-0.6148201049338714,51.92943487181276,0.25208479560702735,18.27074021280329
559,-0.6691864044873309,73.81235726585741,0.2106167185466562,18.80299233319441
560,-1.282117580091039,107.68975571523875,0.30745910011659894,18.735930617706856
561,-0.8721577582332265,76.35424999081667,0.19441967611618516,18.44626775815621
562,-0.8470000736972776,67.05284295512853,0.24088136601589438,18.38718343068266
563,-0.95057702448589,57.50314327389828,0.16872551335221608,18.54772277264601
564,-1.1015104396659134,55.16680159241948,-0.22105062447550683,19.065283537930018
565,-0.9594228780314533,71.51191370041087,-0.12587941427854732,18.80365948567855
566,-1.2384449122019239,69.5653097382171,0.30276668138374463,19.324570058040415
567,-0.7677147929254612,60.204230743113634,-0.43145301414014003,18.604390255505457
568,-1.524128405252883,57.795731905311236,0.12595414576131247,17.838992945625847
569,-1.249480415456655,60.15253350206351,0.7143246640493253,18.415921844232
570,-1.0785405489140176,90.33980952694458,-0.020267023779813265,18.816545566568927
571,-1.7803483507500817,61.777678047820835,-0.08401440510533753,18.815409553900857
572,-1.0049291011738901,72.5044400813393,-0.36434257614565624,19.363875916363664
573,-1.0610599971384824,93.64002087788548,-0.26144795034013235,20.040004416003466
574,-1.8707288409686331,95.59965514039227,-0.238775616476824,19.059562622952477
575,-1.386842836483347,72.73819316650359,-0.49604369847281227,19.3399558877199
576,-0.31023021131667955,92.19254253140538,-0.4002802309015663,18.416854775036008
577,-1.7010605142768527,75.31907515312884,0.06211376220795459,18.113439575460916
578,-1.5297927574737682,71.99947203449277,-0.6016383428320857,18.73384733960091
579,-1.5807124391080236,78.81633169036195,-0.20873804391159467,17.375935288803618
580,-1.9443351153763793,98.22960775290987,0.6377254437240554,18.338272105965547
581,-0.8536986015658644,81.00155329381867,0.05478913117498596,18.50404367113359
582,-1.8571820961076644,123.34927220984358,-0.4345560497911798,18.341985235498047
583,-2.264732246794408,91.15323753285952,-0.11931126620537036,18.38291536508416
584,-1.2196805341328685,111.4989051927135,-0.01726961284103723,18.749898949274236
585,-1.232669329641388,98.63834548971161,0.3909793820683857,18.866353529104504
586,-2.410372491039077,92.79789942581267,0.4310302167643516,18.73151060995307
587,-2.7119093964003405,83.7779399071078,-0.3633944314133205,19.102528629148825
588,-2.1707914089104077,96.51693142363823,0.05882578675252681,18.873842164215322
589,-1.3278789369085648,79.03947891008342,-0.4364317397500148,18.865934285079184
590,-1.2768253805127587,120.49947187639746,0.33073300050554355,19.202899212664025
591,-2.3296442054157267,115.44440731566716,-0.03423615543940883,18.981341996238054
592,-2.288996971143959,94.00059431049705,-0.5494952311352721,18.797632387377565
593,-1.8362170662890478,98.50289652134488,0.05360468611073621,19.190487322747842
594,-2.3012302790796713,125.00597909992509,-0.29375495182630873,18.19001576556292
595,-1.6515700045581418,76.53754208845268,0.45420685565413876,19.80192222398603
596,-1.069662263063582,101.35332334392926,-0.30590731169204055,19.45046641734495
597,-2.7464082815430633,129.76160859547412,0.027827754869198085,19.01915064677258
598,-1.7988558875473633,93.81568789181986,0.19099957422455116,18.60804668603621
599,-2.171289840674539,89.31303529163165,0.2075277248784687,18.153805280250232
600,-2.1409320296434724,90.63811825305801,-0.37495236141926114,18.603766723472734
601,-2.1888071300050913,110.48916168597322,0.20553529875596332,18.110312983740705
602,-2.2433477410825415,110.14706940906206,0.07828576172533275,19.261928286376587
603,-3.39014036427347,123.41130436975212,-0.7413992612759479,18.164462258036984
604,-2.1064078186670714,110.49533623133422,-0.5660525088607802,18.821350446066432
605,-3.7301285487104328,135.04767848870054,-0.12607246442555642,18.243154798924124
606,-2.5275153436550424,124.70412594633487,-0.3754466696953944,18.77606138715594
607,-2.530611490569318,90.77403076662691,-0.441031242991178,18.885735285871476
608,-3.037135988157013,125.7522097015106,0.2998565150604038,19.37868923838274
609,-2.8330250265199783,115.06530956737367,0.35293670154403967,19.25487870108405
610,-2.1382243158088556,153.88759239351091,-0.21595041111166857,18.366594758267368
611,-4.079872908249286,169.88436818163555,0.1333107663187687,18.475273322990933
612,-3.626473657191999,121.501907560581,0.24236732147696483,18.043611004571936
613,-3.2803877580549785,126.8465045907264,-0.35659043677630375,18.403923380472172
614,-3.2533417347487537,153.70580441642446,0.37299917345055356,20.259262367147628
615,-3.738902400106353,103.0002565137335,0.05971600713570069,18.210252353398495
616,-2.165197545444562,122.14084656846194,-0.5746337266236008,18.65406676725079
617,-3.8521445702182073,143.25709885087988,0.3473874229337301,18.557129384419753
618,-5.382379050125747,157.34313827983294,0.6647823468647172,18.712093811958184
619,-2.9398761083022227,168.68796908144466,-0.05791436242252246,19.518332022820736
620,-5.908437884080939,150.4552825649543,0.27138904226958616,19.608607666046996
621,-4.5576972719426,165.2606308333852,0.29485880378097207,19.36405916671635
622,-3.4518921848204775,143.62621396194635,-0.6292572843578395,19.19392591598314
623,-4.958675456998577,164.02073509963836,0.6854717672694308,18.47589732425099
624,-6.052609450552787,185.43221020691115,-0.417194503439116,19.84578196709399
625,-4.46659599031043,146.55277673080192,-0.279569071462463,19.035717498111744
626,-1.616129361591035,230.47257233141687,-0.6769550923702583,20.437945428548492
627,-7.426996001180762,180.9292221554215,-0.21949312884889655,19.249246769276574
628,-4.498420348967938,136.97071067571977,-0.4425618950876813,20.355169845776118
629,-5.388095498581532,209.46838579210765,0.5888769876749196,19.9831556830987
630,-8.702368031234762,187.32274966206506,-0.10864877704387421,18.821127563842275
631,-6.114484656745424,167.91369014448247,-0.2627305162059232,19.232438928343832
632,-4.802630129241946,154.32200646790938,-0.33506398159828055,18.90900672227072
633,-6.217633526535409,188.77976216153775,-0.06560173479708986,18.998807840541716
634,-9.79308726630145,194.303763470131,-0.7637637120903249,20.868996883112565
635,-2.316237524587378,209.32135721045864,-0.9006080862414247,19.72392071232958
636,-6.11107881391759,197.9015872564619,0.2771914943704292,18.07683746580347
637,-5.901701149658055,136.8290708586267,-1.0026274132340331,18.64684454148088
638,-7.354375758330864,194.83478540808923,-0.133086978714971,19.686543537790577
639,-6.600634480975469,200.48218431516497,0.22203470728803865,21.459246340218606
640,-7.138623368626021,145.25298506703442,-1.230494545890224,18.665156253484298
641,-5.339750721477549,195.0677466368829,0.3195622970196994,20.223943241157983
642,-9.752232137253415,163.2494026734043,-0.25753097970097416,21.535117991549157
643,-9.002500115713772,215.9111904308098,0.9321311474692329,21.721011689378578
644,-6.89413049682876,173.7669687897173,-0.11783715313296872,21.74019115275739
645,-7.642977332772274,175.89900141082987,-0.3618853729985214,20.24652167856524
646,-4.937771337283556,205.9451290502249,-0.4039169450896587,20.649240201386515
647,-16.968936665594338,315.9347852266733,0.5440451237598873,23.74366014760035
648,-8.785006763238602,207.6376756778048,0.8599953827351148,23.200908177013268
649,-11.551530961639862,192.5378906690227,-0.8143801623539184,23.58201882388145
650,-10.713557462295311,198.2042803521523,1.051889194559343,20.48896410650218
651,-9.38830496546618,300.9775363609219,1.1601811029910496,20.35561729272903
652,-7.6997121092391,310.50568075102314,0.20002269461034494,24.031576093810106
653,-18.451424455486563,323.0700215153739,0.5788055758099547,24.56447500717612
654,-10.061989004674999,295.07844472229806,-0.3769168442133015,26.65042550247545
655,-14.393479954200776,301.74787329838614,1.2318070607325442,22.99113358032132
656,-20.399821675305073,273.2128080560461,-1.416727475410708,23.97972000718404
657,-18.359602061621086,295.7512725117329,1.0050433299393458,27.416095551714513
658,-18.206030335826366,275.05648215224454,-1.1965234966023723,25.826327492626326
659,-13.695124075452698,385.8849793610454,2.2864799935163953,27.780565236001657
660,-31.559547405697256,464.4915590530619,0.5664345130141242,29.329553253900084
661,-26.020004374084635,480.1056653898613,-2.064126287438463,30.130253585941137
662,-22.02753175373504,478.57548814471824,3.4972590206527916,34.018005525754845
663,-23.1985917273067,353.1613341117794,6.463462162988166,44.107895452869684
664,-36.29973900053948,283.96489392235196,0.515863244085704,46.93935427275349
665,-28.868195318711695,290.20730941178886,-2.5134561962176836,61.63661357107851
666,-40.11398676790476,387.11207034301214,-10.499420923969069,111.10002453700906
667,-41.11477866385957,503.58205238683684,-28.668393642351077,163.62384316213826
668,-69.52483478394923,751.3369322521197,29.5083889980231,373.27449488228297
669,-129.42402849783366,499.61785627703483,-51.99151694884676,276.61884408837244
670,67.8352390097149,530.6358971840228,12.08642264157912,175.60917836673605
671,265.29360891660286,,265.29360891660286,0.0
